producer_ID,producer_Name,production_House
1,Harper Mitchell,Cinematic Horizons Studios
2,Evelyn Turner,Eternal Echo Films
3,Cameron Reed,Silver Screen Productions
4,Sophie Richardson,Celestial Motion Pictures
5,Noah Parker,Infinite Dreams Entertainment
6,Isabella Adams,Golden Reel Studios
7,Liam Thompson,Mystic Vision Films
8,Olivia Wright,Velvet Sky Productions
9,Ethan Davis,Sapphire Serenity Studios
10,Ava Taylor,Harmony Pictures
11,Mason Harris,Enchanted Oasis Films
12,Chloe Wilson,Lunar Lullaby Studios
13,Gabriel Carter,Emerald Enigma Productions
14,Nina Evans,Astral Pulse Films
15,Jackson Bennett,Timeless Creations Studio
16,Emma Anderson,Crimson Horizon Entertainment
17,Aiden Robinson,Whispering Breeze Productions
18,Mia Smith,Ephemeral Echo Studios
19,Lucas Jackson,Radiant Reverie Films
20,Scarlett Cooper,Stellar Synchronicity Pictures
21,Logan Harris,Vivid Vortex Productions
22,Grace Mitchell,Nebula Nexus Studios
23,Elijah Turner,Cerulean Serendipity Films
24,Aria Martinez,Luminous Lull Studios
25,Caleb King,Dreamweaver Entertainment
26,Amelia Roberts,Serene Soundscapes Productions
27,Evan Phillips,Aurora Anthem Films
28,Zoe White,Tranquil Tempo Studios
29,Matthew Green,Galactic Groove Productions
30,Lily Turner,Polaris Polyphony Studios
31,Daniel Martin,Cerulean Celesta Films
32,Madison Hall,Astral Aria Productions
33,Avery Lewis,Mystic Melisma Studios
34,Christopher Clark,Enchanted Elegy Entertainment
35,Ella Turner,Eternal Euphony Productions
36,Nicholas Martinez,Velvet Vortex Studios
37,Aria Phillips,Sapphire Soliloquy Films
38,Michael Anderson,Nocturnal Nova Productions
39,Penelope Wilson,Enigmatic Echo Studios
40,Henry Carter,Celestial Crescendo Films
41,Violet Turner,Whispers of Destiny Productions
42,Nicholas Wright,Eternal Euphony Studios
43,Stella Robinson,Velvet Vortex Films
44,Leo Davis,Galactic Groove Productions
45,Hazel Turner,Tranquil Tempo Studios
46,Eleanor Adams,Polaris Polyphony Films
47,Nicholas Smith,Cerulean Celesta Studios
48,Sofia Harris,Astral Aria Productions
49,Evan Reed,Mystic Melisma Studios
50,Brad Vincelette,Enchanted Elegy Entertainment