song_ID,song_Title,song_relashed,album_ID
1,love the way you lie,2023-12-08 13:22,16
2,love the sunrise,2023-12-08 13:22,13
3,Demons,2023-12-08 13:22,7
4,Todh,2023-12-08 13:22,19
5,My love will never die,2023-12-08 13:22,7
6,Whispers of Serenity,2023-12-08 13:22,18
7,Midnight Dreams,2023-12-08 13:22,3
8,Radiant Horizon,2023-12-08 13:22,13
9,Harmony in Blue,2023-12-08 13:22,1
10,Winds of Change,2023-12-08 13:22,14
11,Celestial Symphony,2023-12-08 13:22,6
12,Sapphire Echoes,2023-12-08 13:22,20
13,Eternal Melody,2023-12-08 13:22,10
14,Enchanted Oasis,2023-12-08 13:22,14
15,Dance of the Stars,2023-12-08 13:22,12
16,Silent Lullaby,2023-12-08 13:22,20
17,Velvet Serenade,2023-12-08 13:22,10
18,Golden Sunrise,2023-12-08 13:22,11
19,Whispers in the Breeze,2023-12-08 13:22,6
20,Emerald Reflections,2023-12-08 13:22,18
21,Timeless Journey,2023-12-08 13:22,19
22,Autumn Serenity,2023-12-08 13:22,15
23,Aurora Waltz,2023-12-08 13:22,6
24,Crimson Sky,2023-12-08 13:22,9
25,Dreams Unfold,2023-12-08 13:22,11
26,Infinite Serenade,2023-12-08 13:22,1
27,Velvet Twilight,2023-12-08 13:22,20
28,Whispers Among Roses,2023-12-08 13:22,5
29,Mystic Mirage,2023-12-08 13:22,10
30,Sapphire Serenity,2023-12-08 13:22,6
31,Astral Harmony,2023-12-08 13:22,2
32,Moonlit Embrace,2023-12-08 13:22,14
33,Stardust Melody,2023-12-08 13:22,11
34,Enchanted Reverie,2023-12-08 13:22,11
35,Eternal Embrace,2023-12-08 13:22,16
36,Celestial Whispers,2023-12-08 13:22,4
37,Amber Sunset,2023-12-08 13:22,6
38,Winter Serenade,2023-12-08 13:22,9
39,Aurora Embrace,2023-12-08 13:22,18
40,Crimson Skyline,2023-12-08 13:22,17
41,Gentle Waterfall,2023-12-08 13:22,10
42,Mystic Twilight,2023-12-08 13:22,8
43,Wanderlust Whispers,2023-12-08 13:22,16
44,Harbor of Dreams,2023-12-08 13:22,1
45,Golden Serenade,2023-12-08 13:22,1
46,Cerulean Dreams,2023-12-08 13:22,1
47,Velvet Nightfall,2023-12-08 13:22,17
48,Shadows of Serenade,2023-12-08 13:22,17
49,Enchanted Echoes,2023-12-08 13:22,13
50,Wilderness Whispers,2023-12-08 13:22,19
51,Stellar Serenity,2023-12-08 13:22,7
52,Allegro of Dreams,2023-12-08 13:22,15
53,Silhouettes in Moonlight,2023-12-08 13:22,10
